{
  "log10": {
    "RMSE": 1.5144154709693884,
    "MAE": 1.440928026976706
  },
  "level": {
    "RMSE": 828.4959302846775,
    "MAE": 779.9512296766663,
    "MAPE_%": 3998.1262043530983
  }
}