{
  "log10": {
    "RMSE": 0.5322619981504828,
    "MAE": 0.3524263197039357
  },
  "level": {
    "RMSE": 283.6614063286619,
    "MAE": 70.02281584052615,
    "MAPE_%": 53.5956158446313
  }
}