{
  "RMSE_log10": 1.090727255143667,
  "MAE_log10": 1.0179406896883343,
  "MAPE_level_%": 1364.7296226597086
}