{
  "RMSE_log10": 0.11802617776376546,
  "MAE_log10": 0.10173725420292076,
  "MAPE_level_%": 21.48078962544919
}